{
  "mean": [
    -7.117874610212295,
    -3.8025767548313376,
    -5.189221104840919,
    -6.106496060593018,
    -14.930266711432637,
    -6.508522110155318,
    -11.082052195164753,
    -11.38528158671269,
    -5.43592339991229,
    -11.924526214994875,
    -7.3547391895137455,
    -8.557349814462894,
    -13.016013184308854,
    -3.935229203545879,
    -8.98238837855032,
    -4.687966788252051,
    -1.9591587111222823,
    -1.7315427378473969,
    -2.087393571263608,
    -0.03456929172251394,
    -0.5319803847772983,
    0.0174811865832477,
    -0.11119716301737825,
    0.09039442646846238,
    0.3535820011259131,
    -0.09068641188961535,
    0.3217926307639227,
    -0.5481160980034973,
    -0.2626066200498034,
    -0.2551881030183319,
    -0.05354107142351018,
    0.3637877634478076,
    0.36751136864964223,
    -0.6748794339681514,
    0.032508793501166776,
    -0.7972967673327754,
    -0.6267414489663581,
    -0.3429114774732009,
    -0.4991905713696705
  ],
  "variance": [
    48.0709436492584,
    273.2255636433454,
    256.1445874435771,
    282.36533953798323,
    364.4739043145627,
    350.7545257029403,
    294.26155225173704,
    277.97894339290383,
    259.4343367283342,
    272.8469287300069,
    223.98047819937972,
    238.8070936364311,
    240.0635435774435,
    145.43414878799211,
    130.00055338433606,
    87.82729525648318,
    70.8331217079716,
    47.7805933816306,
    29.05164616465527,
    17.737492881418984,
    9.816911851437021,
    3.536985195377272,
    0.43748906465477955,
    0.1285641618745776,
    1.7359574147532284,
    4.847578992648845,
    8.526781824204127,
    13.209452356129116,
    15.979344901996862,
    19.011954885019808,
    22.05821075356321,
    23.546099504430696,
    23.775221072041614,
    22.1998489999828,
    21.32010868617659,
    20.695009626801895,
    18.417136638218405,
    15.056352208337968,
    10.93292948946643
  ],
  "sqrt": [
    6.9333212567469,
    16.529536098854845,
    16.004517719805776,
    16.80372992933364,
    19.09119965624378,
    18.72844162505093,
    17.154053522469173,
    16.67270054289058,
    16.106965472376668,
    16.51807884501121,
    14.965977355300913,
    15.453384536613042,
    15.493984109241996,
    12.059608152340278,
    11.401778518474039,
    9.371621805028369,
    8.416241542872424,
    6.912350785487568,
    5.389957900081899,
    4.21159030313004,
    3.1331951505511144,
    1.8806874262825475,
    0.6614295613705057,
    0.3585584497325054,
    1.3175573667788543,
    2.2017218245384327,
    2.920065380124926,
    3.634481029821055,
    3.997417278943601,
    4.360270047258519,
    4.696616947714941,
    4.852432328681225,
    4.875984113185933,
    4.711671571744236,
    4.617370321533306,
    4.549176807599578,
    4.2915191527265035,
    3.8802515650841465,
    3.3064980703860134
  ]
}